id,kanji,ruby,difficulty,category,source,speaker,sentence
1,内海,うつみ,2,生徒名,ハイランダー鉄道学園,貨物輸送管理部,内海アオバ
2,一ノ瀬,いちのせ,1,生徒名,ミレニアムサイエンススクール,Cleaning&Clearing,一ノ瀬アスナ
3,丹花,たんが,2,生徒名,ゲヘナ学園,万魔殿,丹花イブキ
4,天神山,てんじんやま,1,生徒名,SRT特殊学園,FOX小隊,天神山オトギ
5,音瀬,おとせ,1,生徒名,ミレニアムサイエンススクール,ヴェリタス,音瀬コタマ
6,豊見,とよみ,1,生徒名,ミレニアムサイエンススクール,エンジニア部,豊見コトリ
7,円堂,えんどう,1,生徒名,トリニティ総合学園,図書委員会,円堂シミコ
8,牛牧,うしまき,1,生徒名,ゲヘナ学園,給食部,牛牧ジュリ
9,守月,もりづき,1,生徒名,トリニティ総合学園,トリニティ自警団,守月スズミ
10,鷲見,すみ,3,生徒名,トリニティ総合学園,救護騎士団,鷲見セリナ
11,火宮,ひのみや,2,生徒名,ゲヘナ学園,風紀委員会,火宮チナツ
12,佐城,さしろ,1,生徒名,レッドウィンター連邦学園,レッドウィンター事務,佐城トモエ
13,天美,あまみ,1,生徒名,レッドウィンター連邦学園,227号特別クラス,天美ノドカ
14,伊草,いぐさ,1,生徒名,ゲヘナ学園,便利屋68,伊草ハルカ
15,朝比奈,あさひな,1,生徒名,百鬼夜行連合学院,お祭り運営委員会,朝比奈フィーナ
16,合歓垣,ねむがき,1,生徒名,ヴァルキューレ警察学校,生活安全局,合歓垣フブキ
17,千鳥,ちどり,1,生徒名,百鬼夜行連合学院,忍術研究部,千鳥ミチル
18,伊原木,いばらぎ,1,生徒名,トリニティ総合学園,放課後スイーツ部,伊原木ヨシミ
19,河駒風,こまかぜ,2,生徒名,トリニティ総合学園,,河駒風ラブ
20,栗村,くりむら,1,生徒名,トリニティ総合学園,放課後スイーツ部,栗村アイリ
21,室笠,むろかさ,1,生徒名,ミレニアムサイエンススクール,Cleaning&Clearing,室笠アカネ
22,鰐渕,わにぶち,1,生徒名,ゲヘナ学園,美食研究会,鰐渕アカリ
23,奥空,おくそら,1,生徒名,アビドス高等学校,対策委員会,奥空アヤネ
24,白石,しらいし,1,生徒名,ミレニアムサイエンススクール,エンジニア部,白石ウタハ
25,鬼方,おにかた,1,生徒名,ゲヘナ学園,便利屋68,鬼方カヨコ
26,中務,なかつかさ,2,生徒名,ヴァルキューレ警察学校,生活安全局,中務キリノ
27,河和,かわわ,1,生徒名,百鬼夜行連合学院,お祭り運営委員会,河和シズコ
28,赤司,あかし,1,生徒名,ゲヘナ学園,美食研究会,赤司ジュンコ
29,黒見,くろみ,1,生徒名,アビドス高等学校,対策委員会,黒見セリカ
30,和楽,わらく,1,生徒名,百鬼夜行連合学院,陰陽部,和楽チセ
31,春日,かすが,1,生徒名,百鬼夜行連合学院,修行部,春日ツバキ
32,十六夜,いざよい,2,生徒名,アビドス高等学校,対策委員会,十六夜ノノミ
33,羽川,はねかわ,1,生徒名,トリニティ総合学園,正義実現委員会,羽川ハスミ
34,朝顔,あさがお,1,生徒名,トリニティ総合学園,救護騎士団,朝顔ハナエ
35,浦和,うらわ,1,生徒名,トリニティ総合学園,補習授業部,浦和ハナコ
36,小鈎,おまがり,3,生徒名,ミレニアムサイエンススクール,ヴェリタス,小鈎ハレ
37,愛清,フウカ,1,生徒名,ゲヘナ学園,給食部,愛清フウカ
38,伊落,いおち,1,生徒名,トリニティ総合学園,シスターフッド,伊落マリー
39,浅黄,あさぎ,1,生徒名,ゲヘナ学園,便利屋68,浅黄ムツキ
40,秋泉,あきいずみ,1,生徒名,レッドウィンター連邦学園,知識解放戦線,秋泉モミジ
41,才羽,さいば,1,生徒名,ミレニアムサイエンススクール,ゲーム開発部,才羽モモイ
42,早瀬,はやせ,1,生徒名,ミレニアムサイエンススクール,セミナー,早瀬ユウカ
